[{"identifying_name": "k8s:cluster:template", "description": "", "last_sync_error": "", "service_id": "7e8c8c4a-0b99-4d4d-b8e4-7cb9e75497f4", "sec_grp": "default_itsi_security_group", "isFirstTimeSaveDone": true, "tags": [], "_owner": "nobody", "kpis": [{"title": "Containers", "search_type": "shared_base", "_key": "b42005fc25767be83bfa7c7e", "aggregate_thresholds": {"thresholdLevels": [], "baseSeverityLabel": "normal", "baseSeverityValue": 2, "baseSeverityColor": "#99D18B", "baseSeverityColorLight": "#DCEFD7", "metricField": "count", "renderBoundaryMin": 0, "renderBoundaryMax": 100, "isMaxStatic": false, "isMinStatic": true, "gaugeMin": 0, "gaugeMax": 100}, "entity_thresholds": {"thresholdLevels": [], "baseSeverityLabel": "normal", "baseSeverityValue": 2, "baseSeverityColor": "#99D18B", "baseSeverityColorLight": "#DCEFD7", "metricField": "count", "renderBoundaryMin": 0, "renderBoundaryMax": 100, "isMaxStatic": false, "isMinStatic": true, "gaugeMin": 0, "gaugeMax": 100}, "time_variate_thresholds_specification": {"policies": {"default_policy": {"title": "Default", "aggregate_thresholds": {"gaugeMin": 0, "baseSeverityValue": 1, "gaugeMax": 100, "thresholdLevels": [], "renderBoundaryMin": 0, "baseSeverityColorLight": "#E3F0F6", "isMaxStatic": false, "renderBoundaryMax": 4450, "baseSeverityColor": "#AED3E5", "isMinStatic": true, "metricField": "count", "baseSeverityLabel": "info"}, "entity_thresholds": {"gaugeMin": 0, "baseSeverityValue": 1, "gaugeMax": 100, "thresholdLevels": [], "renderBoundaryMin": 0, "baseSeverityColorLight": "#E3F0F6", "isMaxStatic": false, "renderBoundaryMax": 4450, "baseSeverityColor": "#AED3E5", "isMinStatic": true, "metricField": "count", "baseSeverityLabel": "info"}, "policy_type": "static", "time_blocks": []}}}, "description": "", "entity_id_fields": "cluster_name", "entity_breakdown_id_fields": "cluster_name", "is_entity_breakdown": false, "is_service_entity_filter": true, "aggregate_thresholds_alert_enabled": false, "aggregate_thresholds_custom_alert_enabled": false, "aggregate_thresholds_custom_alert_rules": [], "threshold_field": "countainer_count", "gap_severity": "unknown", "gap_severity_color": "#CCCCCC", "gap_severity_color_light": "#EEEEEE", "gap_severity_value": "-1", "threshold_eval": "", "aggregate_eval": "", "fill_gaps": "null_value", "gap_custom_alert_value": 0, "metric": {"metric_name": "", "metric_index": ""}, "alert_on": "both", "alert_eval": "", "alert_period": 1, "alert_lag": "30", "aggregate_statop": "latest", "entity_statop": "avg", "base_search": "| mstats count as containers WHERE metric_name=\"kube.container.uptime\" AND index=\"em_metrics\" span=1m BY cluster_name, node, pod-name, \"container-name\"\n\n| append [| mstats count as pods WHERE metric_name=\"kube.pod.uptime\" AND index=\"em_metrics\" span=1m BY cluster_name, node, pod-name ]\n\n| append [| mstats count as nodes WHERE metric_name=\"kube.node.uptime\" AND index=\"em_metrics\" span=1m BY cluster_name, node ]\n\n| eventstats sum(containers) as countainer_count, sum(pods) as pod_count, sum(nodes) as node_count by cluster_name _time", "urgency": "5", "search_buckets": "", "search_occurrences": 1, "search_alert_earliest": "1", "source": "", "target": "", "_owner": "nobody", "unit": "", "kpi_threshold_template_id": "5ec4429f55c2dcde9243ad8b", "base_search_id": "5ec33ff455c2dcde9243ac21", "base_search_metric": "74317c7c6bea291c3f282550", "tz_offset": null, "time_variate_thresholds": true, "adaptive_thresholds_is_enabled": true, "adaptive_thresholding_training_window": "-7d"}, {"title": "Nodes", "search_type": "shared_base", "_key": "bc125574bf348e947af92d62", "aggregate_thresholds": {"thresholdLevels": [], "baseSeverityLabel": "normal", "baseSeverityValue": 2, "baseSeverityColor": "#99D18B", "baseSeverityColorLight": "#DCEFD7", "metricField": "node_count", "renderBoundaryMin": 0, "renderBoundaryMax": 100, "isMaxStatic": false, "isMinStatic": true, "gaugeMin": 0, "gaugeMax": 100}, "entity_thresholds": {"thresholdLevels": [], "baseSeverityLabel": "normal", "baseSeverityValue": 2, "baseSeverityColor": "#99D18B", "baseSeverityColorLight": "#DCEFD7", "metricField": "node_count", "renderBoundaryMin": 0, "renderBoundaryMax": 100, "isMaxStatic": false, "isMinStatic": true, "gaugeMin": 0, "gaugeMax": 100}, "time_variate_thresholds_specification": {"policies": {"default_policy": {"title": "Default", "aggregate_thresholds": {"gaugeMin": 0, "baseSeverityValue": 1, "gaugeMax": 100, "thresholdLevels": [], "renderBoundaryMin": 0, "baseSeverityColorLight": "#E3F0F6", "isMaxStatic": false, "renderBoundaryMax": 100, "baseSeverityColor": "#AED3E5", "isMinStatic": true, "metricField": "node_count", "baseSeverityLabel": "info"}, "entity_thresholds": {"gaugeMin": 0, "baseSeverityValue": 1, "gaugeMax": 100, "thresholdLevels": [], "renderBoundaryMin": 0, "baseSeverityColorLight": "#E3F0F6", "isMaxStatic": false, "renderBoundaryMax": 100, "baseSeverityColor": "#AED3E5", "isMinStatic": true, "metricField": "node_count", "baseSeverityLabel": "info"}, "policy_type": "static", "time_blocks": []}}}, "description": "", "entity_id_fields": "cluster_name", "entity_breakdown_id_fields": "cluster_name", "is_entity_breakdown": false, "is_service_entity_filter": true, "aggregate_thresholds_alert_enabled": false, "aggregate_thresholds_custom_alert_enabled": false, "aggregate_thresholds_custom_alert_rules": [], "threshold_field": "node_count", "gap_severity": "unknown", "gap_severity_color": "#CCCCCC", "gap_severity_color_light": "#EEEEEE", "gap_severity_value": "-1", "threshold_eval": "", "aggregate_eval": "", "fill_gaps": "null_value", "gap_custom_alert_value": 0, "metric": {"metric_name": "", "metric_index": ""}, "alert_on": "both", "alert_eval": "", "alert_period": 1, "alert_lag": "30", "aggregate_statop": "latest", "entity_statop": "avg", "base_search": "| mstats count as containers WHERE metric_name=\"kube.container.uptime\" AND index=\"em_metrics\" span=1m BY cluster_name, node, pod-name, \"container-name\"\n\n| append [| mstats count as pods WHERE metric_name=\"kube.pod.uptime\" AND index=\"em_metrics\" span=1m BY cluster_name, node, pod-name ]\n\n| append [| mstats count as nodes WHERE metric_name=\"kube.node.uptime\" AND index=\"em_metrics\" span=1m BY cluster_name, node ]\n\n| eventstats sum(containers) as countainer_count, sum(pods) as pod_count, sum(nodes) as node_count by cluster_name _time", "urgency": "5", "search_buckets": "", "search_occurrences": 1, "search_alert_earliest": "1", "source": "", "target": "", "_owner": "nobody", "unit": "", "kpi_threshold_template_id": "5ec4429f55c2dcde9243ad8b", "base_search_id": "5ec33ff455c2dcde9243ac21", "base_search_metric": "30693b937daee89a6d00f44d", "tz_offset": null, "time_variate_thresholds": true, "adaptive_thresholds_is_enabled": true, "adaptive_thresholding_training_window": "-7d"}, {"title": "Pods", "search_type": "shared_base", "_key": "6e7a5b48fceb259a50c93aa5", "aggregate_thresholds": {"thresholdLevels": [], "baseSeverityLabel": "normal", "baseSeverityValue": 2, "baseSeverityColor": "#99D18B", "baseSeverityColorLight": "#DCEFD7", "metricField": "count", "renderBoundaryMin": 0, "renderBoundaryMax": 100, "isMaxStatic": false, "isMinStatic": true, "gaugeMin": 0, "gaugeMax": 100}, "entity_thresholds": {"thresholdLevels": [], "baseSeverityLabel": "normal", "baseSeverityValue": 2, "baseSeverityColor": "#99D18B", "baseSeverityColorLight": "#DCEFD7", "metricField": "count", "renderBoundaryMin": 0, "renderBoundaryMax": 100, "isMaxStatic": false, "isMinStatic": true, "gaugeMin": 0, "gaugeMax": 100}, "time_variate_thresholds_specification": {"policies": {"default_policy": {"title": "Default", "aggregate_thresholds": {"gaugeMin": 0, "baseSeverityValue": 1, "gaugeMax": 100, "thresholdLevels": [], "renderBoundaryMin": 0, "baseSeverityColorLight": "#E3F0F6", "isMaxStatic": false, "renderBoundaryMax": 100, "baseSeverityColor": "#AED3E5", "isMinStatic": true, "metricField": "count", "baseSeverityLabel": "info"}, "entity_thresholds": {"gaugeMin": 0, "baseSeverityValue": 1, "gaugeMax": 100, "thresholdLevels": [], "renderBoundaryMin": 0, "baseSeverityColorLight": "#E3F0F6", "isMaxStatic": false, "renderBoundaryMax": 100, "baseSeverityColor": "#AED3E5", "isMinStatic": true, "metricField": "count", "baseSeverityLabel": "info"}, "policy_type": "static", "time_blocks": []}}}, "description": "", "entity_id_fields": "cluster_name", "entity_breakdown_id_fields": "cluster_name", "is_entity_breakdown": false, "is_service_entity_filter": true, "aggregate_thresholds_alert_enabled": false, "aggregate_thresholds_custom_alert_enabled": false, "aggregate_thresholds_custom_alert_rules": [], "threshold_field": "pod_count", "gap_severity": "unknown", "gap_severity_color": "#CCCCCC", "gap_severity_color_light": "#EEEEEE", "gap_severity_value": "-1", "threshold_eval": "", "aggregate_eval": "", "fill_gaps": "null_value", "gap_custom_alert_value": 0, "metric": {"metric_name": "", "metric_index": ""}, "alert_on": "both", "alert_eval": "", "alert_period": 1, "alert_lag": "30", "aggregate_statop": "latest", "entity_statop": "avg", "base_search": "| mstats count as containers WHERE metric_name=\"kube.container.uptime\" AND index=\"em_metrics\" span=1m BY cluster_name, node, pod-name, \"container-name\"\n\n| append [| mstats count as pods WHERE metric_name=\"kube.pod.uptime\" AND index=\"em_metrics\" span=1m BY cluster_name, node, pod-name ]\n\n| append [| mstats count as nodes WHERE metric_name=\"kube.node.uptime\" AND index=\"em_metrics\" span=1m BY cluster_name, node ]\n\n| eventstats sum(containers) as countainer_count, sum(pods) as pod_count, sum(nodes) as node_count by cluster_name _time", "urgency": "5", "search_buckets": "", "search_occurrences": 1, "search_alert_earliest": "1", "source": "", "target": "", "_owner": "nobody", "unit": "", "kpi_threshold_template_id": "5ec4429f55c2dcde9243ad8b", "base_search_id": "5ec33ff455c2dcde9243ac21", "base_search_metric": "f1c62be1a621be3b551a0e4f", "tz_offset": null, "time_variate_thresholds": true, "adaptive_thresholds_is_enabled": true, "adaptive_thresholding_training_window": "-7d"}], "title": "K8s:Cluster:Template", "total_linked_services": 0, "sync_status": "synced", "entity_rules": [{"rule_items": [{"value": "", "field_type": "info", "rule_type": "matchesblank", "field": "cluster_name"}], "rule_condition": "AND"}, {"rule_items": [{"value": "", "field_type": "alias", "rule_type": "matchesblank", "field": "cluster_name"}], "rule_condition": "AND"}], "object_type": "base_service_template", "cloneChangedSinceLastSave": true, "linked_services": [], "mod_source": "REST", "mod_timestamp": "2020-06-10T15:37:28.649659+00:00", "_version": "4.4.3", "permissions": {"user": "nobody", "group": {"read": true, "write": true, "delete": true}, "read": true, "write": true, "delete": true}, "_user": "nobody", "_key": "082febbd-c438-4fec-b7bd-e568a0db4cab"}, {"identifying_name": "k8s:namespace:template", "description": "", "last_sync_error": "", "service_id": "f44f95f2-c691-4aa2-b578-e2291d30c39e", "sec_grp": "default_itsi_security_group", "isFirstTimeSaveDone": true, "tags": [], "_owner": "nobody", "kpis": [{"title": "ns: cpu used percentage", "search_type": "shared_base", "_key": "491b3b31892bf6ab3f1e97a5", "aggregate_thresholds": {"thresholdLevels": [], "baseSeverityLabel": "normal", "baseSeverityValue": 2, "baseSeverityColor": "#99D18B", "baseSeverityColorLight": "#DCEFD7", "metricField": "count", "renderBoundaryMin": 0, "renderBoundaryMax": 100, "isMaxStatic": false, "isMinStatic": true, "gaugeMin": 0, "gaugeMax": 100}, "entity_thresholds": {"thresholdLevels": [], "baseSeverityLabel": "normal", "baseSeverityValue": 2, "baseSeverityColor": "#99D18B", "baseSeverityColorLight": "#DCEFD7", "metricField": "count", "renderBoundaryMin": 0, "renderBoundaryMax": 100, "isMaxStatic": false, "isMinStatic": true, "gaugeMin": 0, "gaugeMax": 100}, "time_variate_thresholds_specification": {"policies": {"default_policy": {"title": "Default", "aggregate_thresholds": {"gaugeMin": 0, "baseSeverityValue": 2, "gaugeMax": 104.5, "thresholdLevels": [{"severityColor": "#FCB64E", "dynamicParam": 0, "severityValue": 4, "thresholdValue": 85, "severityColorLight": "#FEE6C1", "severityLabel": "medium"}, {"severityColor": "#F26A35", "dynamicParam": 0, "severityValue": 5, "thresholdValue": 92, "severityColorLight": "#FBCBB9", "severityLabel": "high"}, {"severityColor": "#B50101", "dynamicParam": 0, "severityValue": 6, "thresholdValue": 95, "severityColorLight": "#E5A6A6", "severityLabel": "critical"}], "renderBoundaryMin": 0, "baseSeverityColorLight": "#DCEFD7", "isMaxStatic": false, "renderBoundaryMax": 104.5, "baseSeverityColor": "#99D18B", "isMinStatic": true, "metricField": "count", "baseSeverityLabel": "normal"}, "entity_thresholds": {"gaugeMin": 0, "baseSeverityValue": 2, "gaugeMax": 100, "thresholdLevels": [], "renderBoundaryMin": 0, "baseSeverityColorLight": "#DCEFD7", "isMaxStatic": false, "renderBoundaryMax": 100, "baseSeverityColor": "#99D18B", "isMinStatic": true, "metricField": "count", "baseSeverityLabel": "normal"}, "policy_type": "static", "time_blocks": []}}}, "description": "", "entity_id_fields": "pod_name", "entity_breakdown_id_fields": "pod_name", "is_entity_breakdown": true, "is_service_entity_filter": true, "aggregate_thresholds_alert_enabled": false, "aggregate_thresholds_custom_alert_enabled": false, "aggregate_thresholds_custom_alert_rules": [], "threshold_field": "cpu_usage_percentage", "gap_severity": "unknown", "gap_severity_color": "#CCCCCC", "gap_severity_color_light": "#EEEEEE", "gap_severity_value": "-1", "fill_gaps": "null_value", "gap_custom_alert_value": 0, "metric": {"metric_name": "", "metric_index": ""}, "alert_on": "both", "alert_period": 1, "alert_lag": "30", "aggregate_statop": "sum", "entity_statop": "max", "base_search": "| mstats latest(_value) as value WHERE metric_name IN (\"kube.pod.cpu.usage_rate\", \"kube.pod.memory.usage_bytes\") AND `k8s_metrics_index` span=1m BY metric_name pod-name, pod-namespace, node, cluster_name\n| eval {metric_name}=value\n\n| append [\n  | mstats latest(_value) as value WHERE metric_name IN (\"kube.node.cpu.allocatable\", \"kube.node.memory.allocatable\") AND `k8s_metrics_index` span=1m BY metric_name cluster_name node\n  | eval {metric_name}=value]\n  \n| eventstats values(kube.pod.memory.*) as memory_*, values(kube.pod.cpu.*) as cpu_* by pod-name, pod-namespace, node, cluster_name _time\n| eventstats values(kube.node.memory.*) as node_memory_*, values(kube.node.cpu.*) as node_cpu_* by node, cluster_name _time\n\n| eval cpu_usage_percentage = round(cpu_usage_rate / node_cpu_allocatable * 100, 2), memory_usage_percentage = round((memory_usage_bytes/1024/1024) / node_memory_allocatable * 100, 2)\n| eval pod_name = 'pod-name'", "urgency": "5", "search_buckets": "", "search_occurrences": 1, "search_alert_earliest": "1", "source": "", "target": "", "_owner": "nobody", "unit": "", "kpi_threshold_template_id": "5ec3479255c2dcde9243ac32", "base_search_id": "5ea89d2055c2dc0f28301a0b", "base_search_metric": "df1294bb2999758daa4b42b4", "tz_offset": null, "time_variate_thresholds": true, "adaptive_thresholds_is_enabled": true, "adaptive_thresholding_training_window": "-7d", "metric_qualifier": "", "sec_grp": "default_itsi_security_group", "threshold_eval": "", "aggregate_eval": "", "alert_eval": ""}, {"title": "ns: memory used percentage", "search_type": "shared_base", "_key": "72ab9aba889b07be6dfb0979", "aggregate_thresholds": {"thresholdLevels": [], "baseSeverityLabel": "normal", "baseSeverityValue": 2, "baseSeverityColor": "#99D18B", "baseSeverityColorLight": "#DCEFD7", "metricField": "count", "renderBoundaryMin": 0, "renderBoundaryMax": 100, "isMaxStatic": false, "isMinStatic": true, "gaugeMin": 0, "gaugeMax": 100}, "entity_thresholds": {"thresholdLevels": [], "baseSeverityLabel": "normal", "baseSeverityValue": 2, "baseSeverityColor": "#99D18B", "baseSeverityColorLight": "#DCEFD7", "metricField": "count", "renderBoundaryMin": 0, "renderBoundaryMax": 100, "isMaxStatic": false, "isMinStatic": true, "gaugeMin": 0, "gaugeMax": 100}, "time_variate_thresholds_specification": {"policies": {"default_policy": {"title": "Default", "aggregate_thresholds": {"gaugeMin": 0, "baseSeverityValue": 2, "gaugeMax": 104.5, "thresholdLevels": [{"severityColor": "#FCB64E", "dynamicParam": 0, "severityValue": 4, "thresholdValue": 85, "severityColorLight": "#FEE6C1", "severityLabel": "medium"}, {"severityColor": "#F26A35", "dynamicParam": 0, "severityValue": 5, "thresholdValue": 92, "severityColorLight": "#FBCBB9", "severityLabel": "high"}, {"severityColor": "#B50101", "dynamicParam": 0, "severityValue": 6, "thresholdValue": 95, "severityColorLight": "#E5A6A6", "severityLabel": "critical"}], "renderBoundaryMin": 0, "baseSeverityColorLight": "#DCEFD7", "isMaxStatic": false, "renderBoundaryMax": 104.5, "baseSeverityColor": "#99D18B", "isMinStatic": true, "metricField": "count", "baseSeverityLabel": "normal"}, "entity_thresholds": {"gaugeMin": 0, "baseSeverityValue": 2, "gaugeMax": 100, "thresholdLevels": [], "renderBoundaryMin": 0, "baseSeverityColorLight": "#DCEFD7", "isMaxStatic": false, "renderBoundaryMax": 100, "baseSeverityColor": "#99D18B", "isMinStatic": true, "metricField": "count", "baseSeverityLabel": "normal"}, "policy_type": "static", "time_blocks": []}}}, "description": "", "entity_id_fields": "pod_name", "entity_breakdown_id_fields": "pod_name", "is_entity_breakdown": true, "is_service_entity_filter": true, "aggregate_thresholds_alert_enabled": false, "aggregate_thresholds_custom_alert_enabled": false, "aggregate_thresholds_custom_alert_rules": [], "threshold_field": "memory_usage_percentage", "gap_severity": "unknown", "gap_severity_color": "#CCCCCC", "gap_severity_color_light": "#EEEEEE", "gap_severity_value": "-1", "fill_gaps": "null_value", "gap_custom_alert_value": 0, "metric": {"metric_name": "", "metric_index": ""}, "alert_on": "both", "alert_period": 1, "alert_lag": "30", "aggregate_statop": "sum", "entity_statop": "max", "base_search": "| mstats latest(_value) as value WHERE metric_name IN (\"kube.pod.cpu.usage_rate\", \"kube.pod.memory.usage_bytes\") AND `k8s_metrics_index` span=1m BY metric_name pod-name, pod-namespace, node, cluster_name\n| eval {metric_name}=value\n\n| append [\n  | mstats latest(_value) as value WHERE metric_name IN (\"kube.node.cpu.allocatable\", \"kube.node.memory.allocatable\") AND `k8s_metrics_index` span=1m BY metric_name cluster_name node\n  | eval {metric_name}=value]\n  \n| eventstats values(kube.pod.memory.*) as memory_*, values(kube.pod.cpu.*) as cpu_* by pod-name, pod-namespace, node, cluster_name _time\n| eventstats values(kube.node.memory.*) as node_memory_*, values(kube.node.cpu.*) as node_cpu_* by node, cluster_name _time\n\n| eval cpu_usage_percentage = round(cpu_usage_rate / node_cpu_allocatable * 100, 2), memory_usage_percentage = round((memory_usage_bytes/1024/1024) / node_memory_allocatable * 100, 2)\n| eval pod_name = 'pod-name'", "urgency": "5", "search_buckets": "", "search_occurrences": 1, "search_alert_earliest": "1", "source": "", "target": "", "_owner": "nobody", "unit": "", "kpi_threshold_template_id": "5ec3479255c2dcde9243ac32", "base_search_id": "5ea89d2055c2dc0f28301a0b", "base_search_metric": "ff1b44d5fb822e459eddf4a0", "tz_offset": null, "time_variate_thresholds": true, "adaptive_thresholds_is_enabled": true, "adaptive_thresholding_training_window": "-7d", "metric_qualifier": "", "sec_grp": "default_itsi_security_group", "threshold_eval": "", "aggregate_eval": "", "alert_eval": ""}, {"title": "ns: pod creation rate", "search_type": "shared_base", "_key": "b5b5df1d8236821d82b781ec", "aggregate_thresholds": {"thresholdLevels": [{"severityLabel": "high", "severityColor": "#F26A35", "severityColorLight": "#FBCBB9", "severityValue": 5, "thresholdValue": 1, "dynamicParam": 0}], "baseSeverityLabel": "normal", "baseSeverityValue": 2, "baseSeverityColor": "#99D18B", "baseSeverityColorLight": "#DCEFD7", "metricField": "count", "renderBoundaryMin": 0, "renderBoundaryMax": 100, "isMaxStatic": false, "isMinStatic": true, "gaugeMin": 0, "gaugeMax": 1.1}, "entity_thresholds": {"thresholdLevels": [], "baseSeverityLabel": "normal", "baseSeverityValue": 2, "baseSeverityColor": "#99D18B", "baseSeverityColorLight": "#DCEFD7", "metricField": "count", "renderBoundaryMin": 0, "renderBoundaryMax": 100, "isMaxStatic": false, "isMinStatic": true, "gaugeMin": 0, "gaugeMax": 100}, "time_variate_thresholds_specification": {"policies": {"default_policy": {"title": "Default", "aggregate_thresholds": {"gaugeMin": 0, "baseSeverityValue": 2, "gaugeMax": 6338.024530213542, "thresholdLevels": [{"severityColor": "#FCB64E", "dynamicParam": 1.5, "severityValue": 4, "thresholdValue": 4263.1797848832, "severityColorLight": "#FEE6C1", "severityLabel": "medium"}, {"severityColor": "#F26A35", "dynamicParam": 2, "severityValue": 5, "thresholdValue": 4762.733350592904, "severityColorLight": "#FBCBB9", "severityLabel": "high"}, {"severityColor": "#B50101", "dynamicParam": 3, "severityValue": 6, "thresholdValue": 5761.8404820123105, "severityColorLight": "#E5A6A6", "severityLabel": "critical"}], "renderBoundaryMin": 0, "baseSeverityColorLight": "#DCEFD7", "isMaxStatic": false, "renderBoundaryMax": 6338.024530213542, "baseSeverityColor": "#99D18B", "isMinStatic": true, "metricField": "count", "baseSeverityLabel": "normal"}, "entity_thresholds": {"gaugeMin": 0, "baseSeverityValue": 2, "gaugeMax": 100, "thresholdLevels": [], "renderBoundaryMin": 0, "baseSeverityColorLight": "#DCEFD7", "isMaxStatic": false, "renderBoundaryMax": 2141.6, "baseSeverityColor": "#99D18B", "isMinStatic": true, "metricField": "count", "baseSeverityLabel": "normal"}, "policy_type": "stdev", "time_blocks": []}}}, "description": "", "entity_id_fields": "pod_name", "entity_breakdown_id_fields": "pod_name", "is_entity_breakdown": true, "is_service_entity_filter": true, "aggregate_thresholds_alert_enabled": false, "aggregate_thresholds_custom_alert_enabled": false, "aggregate_thresholds_custom_alert_rules": [], "threshold_field": "host", "gap_severity": "unknown", "gap_severity_color": "#CCCCCC", "gap_severity_color_light": "#EEEEEE", "gap_severity_value": "-1", "fill_gaps": "custom_value", "gap_custom_alert_value": 0, "metric": {"metric_index": "", "metric_name": ""}, "alert_on": "both", "alert_period": 1, "alert_lag": "30", "aggregate_statop": "sum", "entity_statop": "count", "base_search": "| mstats max(_value) as value WHERE metric_name=\"kube.pod.uptime\" AND index=\"em_metrics\" span=1m BY cluster_name, pod-name, pod-namespace\n| where value <= 5*60\n| eval pod_name='pod-name'", "urgency": "5", "search_buckets": "", "search_occurrences": 1, "search_alert_earliest": "5", "source": "", "target": "", "_owner": "nobody", "unit": "", "kpi_threshold_template_id": "5ec3452755c2dcde9243ac26", "base_search_id": "5ec5985451641d0b8f0c1e1c", "base_search_metric": "e68e5527331de2dbd49a3840", "tz_offset": null, "time_variate_thresholds": true, "adaptive_thresholds_is_enabled": true, "adaptive_thresholding_training_window": "-7d", "metric_qualifier": "", "sec_grp": "default_itsi_security_group", "threshold_eval": "", "aggregate_eval": "", "alert_eval": ""}, {"search_occurrences": 1, "aggregate_statop": "sum", "aggregate_thresholds": {"gaugeMin": 0, "baseSeverityValue": 2, "gaugeMax": 100, "renderBoundaryMin": 0, "renderBoundaryMax": 395.4, "baseSeverityColorLight": "#DCEFD7", "isMaxStatic": false, "thresholdLevels": [], "baseSeverityColor": "#99D18B", "isMinStatic": true, "metricField": "count", "baseSeverityLabel": "normal"}, "gap_custom_alert_value": 0, "base_search_metric": "b2e3bcd74206ba2a22e6bf2b", "search_alert_earliest": "5", "base_search": "`k8s_events_index` sourcetype::kube:container:* (error OR fail* OR warn* OR timeout OR crash)\n| eval pod_name=pod", "entity_statop": "count", "gap_severity_color": "#CCCCCC", "entity_id_fields": "pod_name", "alert_period": 5, "gap_severity": "unknown", "threshold_field": "host", "metric": {"metric_name": "", "metric_index": ""}, "search_type": "shared_base", "urgency": "5", "target": "", "_owner": "nobody", "aggregate_thresholds_alert_enabled": false, "source": "", "title": "ns: pod log error volume", "kpi_threshold_template_id": "5ec3452755c2dcde9243ac26", "time_variate_thresholds": true, "entity_breakdown_id_fields": "pod_name", "is_service_entity_filter": true, "_key": "fdf2d345-a7dd-4843-b67e-0c2dc954de2d", "base_search_id": "5ea898df55c2dc0f283019fc", "description": "", "adaptive_thresholds_is_enabled": true, "gap_severity_value": "-1", "aggregate_thresholds_custom_alert_rules": [], "is_entity_breakdown": true, "metric_qualifier": "", "sec_grp": "default_itsi_security_group", "time_variate_thresholds_specification": {"policies": {"default_policy": {"title": "Default", "aggregate_thresholds": {"gaugeMin": 0, "baseSeverityValue": 2, "gaugeMax": 6338.024530213542, "thresholdLevels": [{"severityColor": "#FCB64E", "dynamicParam": 1.5, "severityValue": 4, "thresholdValue": 4263.1797848832, "severityColorLight": "#FEE6C1", "severityLabel": "medium"}, {"severityColor": "#F26A35", "dynamicParam": 2, "severityValue": 5, "thresholdValue": 4762.733350592904, "severityColorLight": "#FBCBB9", "severityLabel": "high"}, {"severityColor": "#B50101", "dynamicParam": 3, "severityValue": 6, "thresholdValue": 5761.8404820123105, "severityColorLight": "#E5A6A6", "severityLabel": "critical"}], "renderBoundaryMin": 0, "baseSeverityColorLight": "#DCEFD7", "isMaxStatic": false, "renderBoundaryMax": 6338.024530213542, "baseSeverityColor": "#99D18B", "isMinStatic": true, "metricField": "count", "baseSeverityLabel": "normal"}, "entity_thresholds": {"gaugeMin": 0, "baseSeverityValue": 2, "gaugeMax": 100, "thresholdLevels": [], "renderBoundaryMin": 0, "baseSeverityColorLight": "#DCEFD7", "isMaxStatic": false, "renderBoundaryMax": 2141.6, "baseSeverityColor": "#99D18B", "isMinStatic": true, "metricField": "count", "baseSeverityLabel": "normal"}, "policy_type": "stdev", "time_blocks": []}}}, "service_title": "AKS:EWBDevAKSCluster:uat", "unit": "", "fill_gaps": "custom_value", "tz_offset": null, "alert_on": "both", "aggregate_thresholds_custom_alert_enabled": false, "search_buckets": "", "entity_thresholds": {"gaugeMin": 0, "baseSeverityValue": 2, "gaugeMax": 100, "renderBoundaryMin": 0, "renderBoundaryMax": 263.6, "baseSeverityColorLight": "#DCEFD7", "isMaxStatic": false, "thresholdLevels": [], "baseSeverityColor": "#99D18B", "isMinStatic": true, "metricField": "count", "baseSeverityLabel": "normal"}, "adaptive_thresholding_training_window": "-7d", "alert_lag": "30", "gap_severity_color_light": "#EEEEEE", "threshold_eval": "", "aggregate_eval": "", "alert_eval": ""}, {"search_occurrences": 1, "aggregate_statop": "sum", "aggregate_thresholds": {"gaugeMin": 0, "baseSeverityValue": 2, "gaugeMax": 100, "renderBoundaryMin": 0, "renderBoundaryMax": 100, "baseSeverityColorLight": "#DCEFD7", "isMaxStatic": false, "thresholdLevels": [], "baseSeverityColor": "#99D18B", "isMinStatic": true, "metricField": "count", "baseSeverityLabel": "normal"}, "gap_custom_alert_value": 0, "base_search_metric": "b2e3bcd74206ba2a22e6bf2b", "search_alert_earliest": "1", "base_search": "| tstats count WHERE `k8s_events_index` sourcetype::kube:container:* by _time pod span=1m\n| eval pod_name = pod", "entity_statop": "sum", "gap_severity_color": "#CCCCCC", "entity_id_fields": "pod_name", "alert_period": 1, "gap_severity": "unknown", "threshold_field": "count", "metric": {"metric_name": "", "metric_index": ""}, "search_type": "shared_base", "urgency": "5", "target": "", "_owner": "nobody", "aggregate_thresholds_alert_enabled": false, "source": "", "title": "ns: pod log volume", "kpi_threshold_template_id": "5ec3452755c2dcde9243ac26", "time_variate_thresholds": true, "entity_breakdown_id_fields": "pod_name", "is_service_entity_filter": true, "_key": "a0cefe0c-62cf-4c0c-bb5c-fe64f653e7cb", "base_search_id": "5ea8997155c2dc0f283019fd", "description": "", "adaptive_thresholds_is_enabled": true, "gap_severity_value": "-1", "aggregate_thresholds_custom_alert_rules": [], "is_entity_breakdown": true, "metric_qualifier": "", "sec_grp": "default_itsi_security_group", "time_variate_thresholds_specification": {"policies": {"default_policy": {"title": "Default", "aggregate_thresholds": {"gaugeMin": 0, "baseSeverityValue": 2, "gaugeMax": 6338.024530213542, "thresholdLevels": [{"severityColor": "#FCB64E", "dynamicParam": 1.5, "severityValue": 4, "thresholdValue": 4263.1797848832, "severityColorLight": "#FEE6C1", "severityLabel": "medium"}, {"severityColor": "#F26A35", "dynamicParam": 2, "severityValue": 5, "thresholdValue": 4762.733350592904, "severityColorLight": "#FBCBB9", "severityLabel": "high"}, {"severityColor": "#B50101", "dynamicParam": 3, "severityValue": 6, "thresholdValue": 5761.8404820123105, "severityColorLight": "#E5A6A6", "severityLabel": "critical"}], "renderBoundaryMin": 0, "baseSeverityColorLight": "#DCEFD7", "isMaxStatic": false, "renderBoundaryMax": 6338.024530213542, "baseSeverityColor": "#99D18B", "isMinStatic": true, "metricField": "count", "baseSeverityLabel": "normal"}, "entity_thresholds": {"gaugeMin": 0, "baseSeverityValue": 2, "gaugeMax": 100, "thresholdLevels": [], "renderBoundaryMin": 0, "baseSeverityColorLight": "#DCEFD7", "isMaxStatic": false, "renderBoundaryMax": 100, "baseSeverityColor": "#99D18B", "isMinStatic": true, "metricField": "count", "baseSeverityLabel": "normal"}, "policy_type": "stdev", "time_blocks": []}}}, "service_title": "AKS:EWBDevAKSCluster:uat", "unit": "", "fill_gaps": "custom_value", "tz_offset": null, "alert_on": "both", "aggregate_thresholds_custom_alert_enabled": false, "search_buckets": "", "entity_thresholds": {"gaugeMin": 0, "baseSeverityValue": 2, "gaugeMax": 100, "renderBoundaryMin": 0, "renderBoundaryMax": 100, "baseSeverityColorLight": "#DCEFD7", "isMaxStatic": false, "thresholdLevels": [], "baseSeverityColor": "#99D18B", "isMinStatic": true, "metricField": "count", "baseSeverityLabel": "normal"}, "adaptive_thresholding_training_window": "-7d", "alert_lag": "30", "gap_severity_color_light": "#EEEEEE", "threshold_eval": "", "aggregate_eval": "", "alert_eval": ""}], "title": "K8s:Namespace:Template", "total_linked_services": 0, "sync_status": "synced", "entity_rules": [{"rule_condition": "AND", "rule_items": [{"value": "", "field_type": "info", "rule_type": "matchesblank", "field": "cluster_name"}, {"value": "", "field_type": "alias", "rule_type": "matchesblank", "field": "pod-namespace"}]}], "object_type": "base_service_template", "cloneChangedSinceLastSave": true, "linked_services": [], "mod_source": "REST", "mod_timestamp": "2020-06-10T15:37:28.649623+00:00", "_version": "4.4.3", "permissions": {"user": "nobody", "group": {"read": true, "write": true, "delete": true}, "read": true, "write": true, "delete": true}, "_user": "nobody", "_key": "2b028792-dffc-43a1-b7cd-1ae57db89dd9"}, {"identifying_name": "k8s:node:template", "sec_grp": "default_itsi_security_group", "isFirstTimeSaveDone": true, "tags": [], "_owner": "nobody", "kpis": [{"search_occurrences": 1, "aggregate_statop": "max", "aggregate_thresholds": {"gaugeMin": 0, "baseSeverityValue": 2, "gaugeMax": 100, "renderBoundaryMin": 0, "renderBoundaryMax": 100, "baseSeverityColorLight": "#DCEFD7", "isMaxStatic": false, "thresholdLevels": [], "baseSeverityColor": "#99D18B", "isMinStatic": true, "metricField": "count", "baseSeverityLabel": "normal"}, "gap_custom_alert_value": 0, "base_search_metric": "cdf0a312949f6d4acdaeb515", "search_alert_earliest": "5", "base_search": "| mstats latest(_value) AS value WHERE `k8s_metrics_index` AND (metric_name IN (kube.node.memory.available_bytes, kube.node.memory.capacity, kube.node.cpu.allocatable, kube.node.cpu.capacity, kube.node.cpu.usage, kube.node.cpu.usage_rate, kube.node.network.rx_bytes, kube.node.network.rx_errors, kube.node.network.tx_bytes, kube.node.network.tx_errors, kube.node.fs.used_bytes, kube.node.fs.available_bytes, kube.node.fs.capacity_bytes)) BY metric_name node cluster_name span=30s\n| eval {metric_name} = value\n| stats values(kube.node.memory.*) AS memory_* values(kube.node.cpu.*) AS cpu_* values(kube.node.network.*) AS network_* values(kube.node.fs.*) AS fs_* BY node cluster_name _time\n| eval Memory_free_percent = round(memory_available_bytes/1024/memory_capacity*100,2)\n| eval Memory_utilization_percent = round((Memory_free_percent-100)*(-1),2)\n| eval CPU_utilization_percent=round(cpu_usage_rate/cpu_capacity*100,2)\n| eval network_rx_gb=round(network_rx_bytes/1024/1024/1024,2)\n| eval network_tx_gb=round(network_tx_bytes/1024/1024/1024,2)\n| eval fs_utilization_percent=round(fs_used_bytes/fs_capacity_bytes*100,2)\n| delta network_rx_bytes as network_rx_rate_bytes\n| delta network_tx_bytes as network_tx_rate_bytes", "entity_statop": "max", "gap_severity_color": "#CCCCCC", "description": "", "alert_period": 1, "gap_severity": "unknown", "threshold_field": "CPU_utilization_percent", "metric": {"metric_name": "", "metric_index": ""}, "search_type": "shared_base", "urgency": "5", "target": "", "_owner": "nobody", "aggregate_thresholds_alert_enabled": false, "source": "", "title": "host: cpu used percentage", "kpi_threshold_template_id": "5ec3479255c2dcde9243ac32", "entity_thresholds": {"gaugeMin": 0, "baseSeverityValue": 2, "gaugeMax": 100, "renderBoundaryMin": 0, "renderBoundaryMax": 100, "baseSeverityColorLight": "#DCEFD7", "isMaxStatic": false, "thresholdLevels": [], "baseSeverityColor": "#99D18B", "isMinStatic": true, "metricField": "count", "baseSeverityLabel": "normal"}, "time_variate_thresholds": true, "entity_breakdown_id_fields": "node", "is_service_entity_filter": true, "_key": "d625dc8d434c1b7d88de7abb", "base_search_id": "5eb334e955c2dc0f28301bc2", "adaptive_thresholds_is_enabled": true, "gap_severity_value": "-1", "aggregate_thresholds_custom_alert_rules": [], "is_entity_breakdown": true, "metric_qualifier": "", "sec_grp": "default_itsi_security_group", "time_variate_thresholds_specification": {"policies": {"default_policy": {"title": "Default", "aggregate_thresholds": {"gaugeMin": 0, "baseSeverityValue": 2, "gaugeMax": 104.5, "thresholdLevels": [{"severityColor": "#FCB64E", "dynamicParam": 0, "severityValue": 4, "thresholdValue": 85, "severityColorLight": "#FEE6C1", "severityLabel": "medium"}, {"severityColor": "#F26A35", "dynamicParam": 0, "severityValue": 5, "thresholdValue": 92, "severityColorLight": "#FBCBB9", "severityLabel": "high"}, {"severityColor": "#B50101", "dynamicParam": 0, "severityValue": 6, "thresholdValue": 95, "severityColorLight": "#E5A6A6", "severityLabel": "critical"}], "renderBoundaryMin": 0, "baseSeverityColorLight": "#DCEFD7", "isMaxStatic": false, "renderBoundaryMax": 104.5, "baseSeverityColor": "#99D18B", "isMinStatic": true, "metricField": "count", "baseSeverityLabel": "normal"}, "entity_thresholds": {"gaugeMin": 0, "baseSeverityValue": 2, "gaugeMax": 100, "thresholdLevels": [], "renderBoundaryMin": 0, "baseSeverityColorLight": "#DCEFD7", "isMaxStatic": false, "renderBoundaryMax": 100, "baseSeverityColor": "#99D18B", "isMinStatic": true, "metricField": "count", "baseSeverityLabel": "normal"}, "policy_type": "static", "time_blocks": []}}}, "unit": "", "fill_gaps": "null_value", "tz_offset": null, "alert_on": "both", "aggregate_thresholds_custom_alert_enabled": false, "search_buckets": "", "entity_id_fields": "node", "adaptive_thresholding_training_window": "-7d", "alert_lag": "30", "gap_severity_color_light": "#EEEEEE", "threshold_eval": "", "aggregate_eval": "", "alert_eval": ""}, {"search_occurrences": 1, "aggregate_statop": "min", "aggregate_thresholds": {"gaugeMin": 0, "baseSeverityValue": 2, "gaugeMax": 100, "renderBoundaryMin": 0, "renderBoundaryMax": 100, "baseSeverityColorLight": "#DCEFD7", "isMaxStatic": false, "thresholdLevels": [], "baseSeverityColor": "#99D18B", "isMinStatic": true, "metricField": "count", "baseSeverityLabel": "normal"}, "gap_custom_alert_value": 0, "base_search_metric": "14a088cd11f3598749a7d0ef", "search_alert_earliest": "5", "base_search": "| mstats latest(_value) AS value WHERE `k8s_metrics_index` AND (metric_name IN (kube.node.memory.available_bytes, kube.node.memory.capacity, kube.node.cpu.allocatable, kube.node.cpu.capacity, kube.node.cpu.usage, kube.node.cpu.usage_rate, kube.node.network.rx_bytes, kube.node.network.rx_errors, kube.node.network.tx_bytes, kube.node.network.tx_errors, kube.node.fs.used_bytes, kube.node.fs.available_bytes, kube.node.fs.capacity_bytes)) BY metric_name node cluster_name span=30s\n| eval {metric_name} = value\n| stats values(kube.node.memory.*) AS memory_* values(kube.node.cpu.*) AS cpu_* values(kube.node.network.*) AS network_* values(kube.node.fs.*) AS fs_* BY node cluster_name _time\n| eval Memory_free_percent = round(memory_available_bytes/1024/memory_capacity*100,2)\n| eval Memory_utilization_percent = round((Memory_free_percent-100)*(-1),2)\n| eval CPU_utilization_percent=round(cpu_usage_rate/cpu_capacity*100,2)\n| eval network_rx_gb=round(network_rx_bytes/1024/1024/1024,2)\n| eval network_tx_gb=round(network_tx_bytes/1024/1024/1024,2)\n| eval fs_utilization_percent=round(fs_used_bytes/fs_capacity_bytes*100,2)\n| delta network_rx_bytes as network_rx_rate_bytes\n| delta network_tx_bytes as network_tx_rate_bytes", "entity_statop": "min", "gap_severity_color": "#CCCCCC", "description": "", "alert_period": 1, "gap_severity": "unknown", "threshold_field": "fs_utilization_percent", "metric": {"metric_name": "", "metric_index": ""}, "search_type": "shared_base", "urgency": "5", "target": "", "_owner": "nobody", "aggregate_thresholds_alert_enabled": false, "source": "", "title": "host: filesystem used percentage", "kpi_threshold_template_id": "5ec3479255c2dcde9243ac32", "entity_thresholds": {"gaugeMin": 0, "baseSeverityValue": 2, "gaugeMax": 100, "renderBoundaryMin": 0, "renderBoundaryMax": 100, "baseSeverityColorLight": "#DCEFD7", "isMaxStatic": false, "thresholdLevels": [], "baseSeverityColor": "#99D18B", "isMinStatic": true, "metricField": "count", "baseSeverityLabel": "normal"}, "time_variate_thresholds": true, "entity_breakdown_id_fields": "node", "is_service_entity_filter": true, "_key": "898e7f706815c36f27090304", "base_search_id": "5eb334e955c2dc0f28301bc2", "adaptive_thresholds_is_enabled": true, "gap_severity_value": "-1", "aggregate_thresholds_custom_alert_rules": [], "is_entity_breakdown": true, "metric_qualifier": "", "sec_grp": "default_itsi_security_group", "time_variate_thresholds_specification": {"policies": {"default_policy": {"title": "Default", "aggregate_thresholds": {"gaugeMin": 0, "baseSeverityValue": 2, "gaugeMax": 104.5, "thresholdLevels": [{"severityColor": "#FCB64E", "dynamicParam": 0, "severityValue": 4, "thresholdValue": 85, "severityColorLight": "#FEE6C1", "severityLabel": "medium"}, {"severityColor": "#F26A35", "dynamicParam": 0, "severityValue": 5, "thresholdValue": 92, "severityColorLight": "#FBCBB9", "severityLabel": "high"}, {"severityColor": "#B50101", "dynamicParam": 0, "severityValue": 6, "thresholdValue": 95, "severityColorLight": "#E5A6A6", "severityLabel": "critical"}], "renderBoundaryMin": 0, "baseSeverityColorLight": "#DCEFD7", "isMaxStatic": false, "renderBoundaryMax": 104.5, "baseSeverityColor": "#99D18B", "isMinStatic": true, "metricField": "count", "baseSeverityLabel": "normal"}, "entity_thresholds": {"gaugeMin": 0, "baseSeverityValue": 2, "gaugeMax": 100, "thresholdLevels": [], "renderBoundaryMin": 0, "baseSeverityColorLight": "#DCEFD7", "isMaxStatic": false, "renderBoundaryMax": 100, "baseSeverityColor": "#99D18B", "isMinStatic": true, "metricField": "count", "baseSeverityLabel": "normal"}, "policy_type": "static", "time_blocks": []}}}, "unit": "", "fill_gaps": "null_value", "tz_offset": null, "alert_on": "both", "aggregate_thresholds_custom_alert_enabled": false, "search_buckets": "", "entity_id_fields": "node", "adaptive_thresholding_training_window": "-7d", "alert_lag": "30", "gap_severity_color_light": "#EEEEEE", "threshold_eval": "", "aggregate_eval": "", "alert_eval": ""}, {"title": "host: memory used percent", "search_type": "shared_base", "_key": "d97a6e58fc8bac18a50e891f", "aggregate_thresholds": {"thresholdLevels": [], "baseSeverityLabel": "normal", "baseSeverityValue": 2, "baseSeverityColor": "#99D18B", "baseSeverityColorLight": "#DCEFD7", "metricField": "count", "renderBoundaryMin": 0, "renderBoundaryMax": 100, "isMaxStatic": false, "isMinStatic": true, "gaugeMin": 0, "gaugeMax": 100}, "entity_thresholds": {"thresholdLevels": [], "baseSeverityLabel": "normal", "baseSeverityValue": 2, "baseSeverityColor": "#99D18B", "baseSeverityColorLight": "#DCEFD7", "metricField": "count", "renderBoundaryMin": 0, "renderBoundaryMax": 100, "isMaxStatic": false, "isMinStatic": true, "gaugeMin": 0, "gaugeMax": 100}, "time_variate_thresholds_specification": {"policies": {"default_policy": {"title": "Default", "aggregate_thresholds": {"gaugeMin": 0, "baseSeverityValue": 2, "gaugeMax": 104.5, "thresholdLevels": [{"severityColor": "#FCB64E", "dynamicParam": 0, "severityValue": 4, "thresholdValue": 85, "severityColorLight": "#FEE6C1", "severityLabel": "medium"}, {"severityColor": "#F26A35", "dynamicParam": 0, "severityValue": 5, "thresholdValue": 92, "severityColorLight": "#FBCBB9", "severityLabel": "high"}, {"severityColor": "#B50101", "dynamicParam": 0, "severityValue": 6, "thresholdValue": 95, "severityColorLight": "#E5A6A6", "severityLabel": "critical"}], "renderBoundaryMin": 0, "baseSeverityColorLight": "#DCEFD7", "isMaxStatic": false, "renderBoundaryMax": 104.5, "baseSeverityColor": "#99D18B", "isMinStatic": true, "metricField": "count", "baseSeverityLabel": "normal"}, "entity_thresholds": {"gaugeMin": 0, "baseSeverityValue": 2, "gaugeMax": 100, "thresholdLevels": [], "renderBoundaryMin": 0, "baseSeverityColorLight": "#DCEFD7", "isMaxStatic": false, "renderBoundaryMax": 100, "baseSeverityColor": "#99D18B", "isMinStatic": true, "metricField": "count", "baseSeverityLabel": "normal"}, "policy_type": "static", "time_blocks": []}}}, "description": "", "entity_id_fields": "node", "entity_breakdown_id_fields": "node", "is_entity_breakdown": true, "is_service_entity_filter": true, "aggregate_thresholds_alert_enabled": false, "aggregate_thresholds_custom_alert_enabled": false, "aggregate_thresholds_custom_alert_rules": [], "threshold_field": "Memory_utilization_percent", "gap_severity": "unknown", "gap_severity_color": "#CCCCCC", "gap_severity_color_light": "#EEEEEE", "gap_severity_value": "-1", "threshold_eval": "", "aggregate_eval": "", "fill_gaps": "null_value", "gap_custom_alert_value": 0, "metric": {"metric_name": "", "metric_index": ""}, "alert_on": "both", "alert_eval": "", "alert_period": 1, "alert_lag": "30", "aggregate_statop": "max", "entity_statop": "max", "base_search": "| mstats latest(_value) AS value WHERE `k8s_metrics_index` AND (metric_name IN (kube.node.memory.available_bytes, kube.node.memory.capacity, kube.node.cpu.allocatable, kube.node.cpu.capacity, kube.node.cpu.usage, kube.node.cpu.usage_rate, kube.node.network.rx_bytes, kube.node.network.rx_errors, kube.node.network.tx_bytes, kube.node.network.tx_errors, kube.node.fs.used_bytes, kube.node.fs.available_bytes, kube.node.fs.capacity_bytes)) BY metric_name node cluster_name span=30s\n| eval {metric_name} = value\n| stats values(kube.node.memory.*) AS memory_* values(kube.node.cpu.*) AS cpu_* values(kube.node.network.*) AS network_* values(kube.node.fs.*) AS fs_* BY node cluster_name _time\n| eval Memory_free_percent = round(memory_available_bytes/1024/memory_capacity*100,2)\n| eval Memory_utilization_percent = round((Memory_free_percent-100)*(-1),2)\n| eval CPU_utilization_percent=round(cpu_usage_rate/cpu_capacity*100,2)\n| eval network_rx_gb=round(network_rx_bytes/1024/1024/1024,2)\n| eval network_tx_gb=round(network_tx_bytes/1024/1024/1024,2)\n| eval fs_utilization_percent=round(fs_used_bytes/fs_capacity_bytes*100,2)\n| delta network_rx_bytes as network_rx_rate_bytes\n| delta network_tx_bytes as network_tx_rate_bytes", "urgency": "5", "search_buckets": "", "search_occurrences": 1, "search_alert_earliest": "5", "source": "", "target": "", "_owner": "nobody", "unit": "", "kpi_threshold_template_id": "5ec3479255c2dcde9243ac32", "base_search_id": "5eb334e955c2dc0f28301bc2", "base_search_metric": "01309af672095ddacb1e9f8d", "tz_offset": null, "time_variate_thresholds": true, "adaptive_thresholds_is_enabled": true, "adaptive_thresholding_training_window": "-7d", "metric_qualifier": "", "sec_grp": "default_itsi_security_group"}, {"search_occurrences": 1, "aggregate_statop": "sum", "aggregate_thresholds": {"gaugeMin": 0, "baseSeverityValue": 2, "gaugeMax": 100, "renderBoundaryMin": 0, "renderBoundaryMax": 13713917.219999999, "baseSeverityColorLight": "#DCEFD7", "isMaxStatic": false, "thresholdLevels": [], "baseSeverityColor": "#99D18B", "isMinStatic": true, "metricField": "network_rx_rate_bytes", "baseSeverityLabel": "normal"}, "gap_custom_alert_value": 0, "base_search_metric": "cfebb8a611d50aef9d43fe1f", "search_alert_earliest": "5", "base_search": "| mstats latest(_value) AS value WHERE `k8s_metrics_index` AND (metric_name IN (kube.node.memory.available_bytes, kube.node.memory.capacity, kube.node.cpu.allocatable, kube.node.cpu.capacity, kube.node.cpu.usage, kube.node.cpu.usage_rate, kube.node.network.rx_bytes, kube.node.network.rx_errors, kube.node.network.tx_bytes, kube.node.network.tx_errors, kube.node.fs.used_bytes, kube.node.fs.available_bytes, kube.node.fs.capacity_bytes)) BY metric_name node cluster_name span=30s\n| eval {metric_name} = value\n| stats values(kube.node.memory.*) AS memory_* values(kube.node.cpu.*) AS cpu_* values(kube.node.network.*) AS network_* values(kube.node.fs.*) AS fs_* BY node cluster_name _time\n| eval Memory_free_percent = round(memory_available_bytes/1024/memory_capacity*100,2)\n| eval Memory_utilization_percent = round((Memory_free_percent-100)*(-1),2)\n| eval CPU_utilization_percent=round(cpu_usage_rate/cpu_capacity*100,2)\n| eval network_rx_gb=round(network_rx_bytes/1024/1024/1024,2)\n| eval network_tx_gb=round(network_tx_bytes/1024/1024/1024,2)\n| eval fs_utilization_percent=round(fs_used_bytes/fs_capacity_bytes*100,2)\n| delta network_rx_bytes as network_rx_rate_bytes\n| delta network_tx_bytes as network_tx_rate_bytes", "entity_statop": "avg", "gap_severity_color": "#CCCCCC", "description": "", "alert_period": 1, "gap_severity": "unknown", "threshold_field": "network_rx_rate_bytes", "metric": {"metric_name": "", "metric_index": ""}, "search_type": "shared_base", "urgency": "5", "target": "", "_owner": "nobody", "aggregate_thresholds_alert_enabled": false, "source": "", "title": "host: network read rate in bytes", "kpi_threshold_template_id": "5ec4429f55c2dcde9243ad8b", "entity_thresholds": {"gaugeMin": 0, "baseSeverityValue": 2, "gaugeMax": 100, "renderBoundaryMin": 0, "renderBoundaryMax": 13713917.219999999, "baseSeverityColorLight": "#DCEFD7", "isMaxStatic": false, "thresholdLevels": [], "baseSeverityColor": "#99D18B", "isMinStatic": true, "metricField": "network_rx_rate_bytes", "baseSeverityLabel": "normal"}, "time_variate_thresholds": true, "entity_breakdown_id_fields": "node", "is_service_entity_filter": true, "_key": "dde593bf4f011d43e09f6300", "base_search_id": "5eb334e955c2dc0f28301bc2", "adaptive_thresholds_is_enabled": true, "gap_severity_value": "-1", "aggregate_thresholds_custom_alert_rules": [], "is_entity_breakdown": true, "metric_qualifier": "", "sec_grp": "default_itsi_security_group", "time_variate_thresholds_specification": {"policies": {"default_policy": {"title": "Default", "aggregate_thresholds": {"gaugeMin": 0, "baseSeverityValue": 1, "gaugeMax": 100, "thresholdLevels": [], "renderBoundaryMin": 0, "baseSeverityColorLight": "#E3F0F6", "isMaxStatic": false, "renderBoundaryMax": 4450, "baseSeverityColor": "#AED3E5", "isMinStatic": true, "metricField": "count", "baseSeverityLabel": "info"}, "entity_thresholds": {"gaugeMin": 0, "baseSeverityValue": 1, "gaugeMax": 100, "thresholdLevels": [], "renderBoundaryMin": 0, "baseSeverityColorLight": "#E3F0F6", "isMaxStatic": false, "renderBoundaryMax": 4450, "baseSeverityColor": "#AED3E5", "isMinStatic": true, "metricField": "count", "baseSeverityLabel": "info"}, "policy_type": "static", "time_blocks": []}}}, "unit": "", "fill_gaps": "null_value", "tz_offset": null, "alert_on": "both", "aggregate_thresholds_custom_alert_enabled": false, "search_buckets": "", "entity_id_fields": "node", "adaptive_thresholding_training_window": "-7d", "alert_lag": "30", "gap_severity_color_light": "#EEEEEE", "threshold_eval": "", "aggregate_eval": "", "alert_eval": ""}, {"search_occurrences": 1, "aggregate_statop": "sum", "aggregate_thresholds": {"gaugeMin": 0, "baseSeverityValue": 2, "gaugeMax": 100, "renderBoundaryMin": 0, "renderBoundaryMax": 10514561.08, "baseSeverityColorLight": "#DCEFD7", "isMaxStatic": false, "thresholdLevels": [], "baseSeverityColor": "#99D18B", "isMinStatic": true, "metricField": "network_tx_rate_bytes", "baseSeverityLabel": "normal"}, "gap_custom_alert_value": 0, "base_search_metric": "d66e4fd52877b7eac3e2c568", "search_alert_earliest": "5", "base_search": "| mstats latest(_value) AS value WHERE `k8s_metrics_index` AND (metric_name IN (kube.node.memory.available_bytes, kube.node.memory.capacity, kube.node.cpu.allocatable, kube.node.cpu.capacity, kube.node.cpu.usage, kube.node.cpu.usage_rate, kube.node.network.rx_bytes, kube.node.network.rx_errors, kube.node.network.tx_bytes, kube.node.network.tx_errors, kube.node.fs.used_bytes, kube.node.fs.available_bytes, kube.node.fs.capacity_bytes)) BY metric_name node cluster_name span=30s\n| eval {metric_name} = value\n| stats values(kube.node.memory.*) AS memory_* values(kube.node.cpu.*) AS cpu_* values(kube.node.network.*) AS network_* values(kube.node.fs.*) AS fs_* BY node cluster_name _time\n| eval Memory_free_percent = round(memory_available_bytes/1024/memory_capacity*100,2)\n| eval Memory_utilization_percent = round((Memory_free_percent-100)*(-1),2)\n| eval CPU_utilization_percent=round(cpu_usage_rate/cpu_capacity*100,2)\n| eval network_rx_gb=round(network_rx_bytes/1024/1024/1024,2)\n| eval network_tx_gb=round(network_tx_bytes/1024/1024/1024,2)\n| eval fs_utilization_percent=round(fs_used_bytes/fs_capacity_bytes*100,2)\n| delta network_rx_bytes as network_rx_rate_bytes\n| delta network_tx_bytes as network_tx_rate_bytes", "entity_statop": "avg", "gap_severity_color": "#CCCCCC", "description": "", "alert_period": 1, "gap_severity": "unknown", "threshold_field": "network_tx_rate_bytes", "metric": {"metric_name": "", "metric_index": ""}, "search_type": "shared_base", "urgency": "5", "target": "", "_owner": "nobody", "aggregate_thresholds_alert_enabled": false, "source": "", "title": "host: network write rate in bytes", "kpi_threshold_template_id": "5ec4429f55c2dcde9243ad8b", "entity_thresholds": {"gaugeMin": 0, "baseSeverityValue": 2, "gaugeMax": 100, "renderBoundaryMin": 0, "renderBoundaryMax": 10514561.08, "baseSeverityColorLight": "#DCEFD7", "isMaxStatic": false, "thresholdLevels": [], "baseSeverityColor": "#99D18B", "isMinStatic": true, "metricField": "network_tx_rate_bytes", "baseSeverityLabel": "normal"}, "time_variate_thresholds": true, "entity_breakdown_id_fields": "node", "is_service_entity_filter": true, "_key": "5d9e5d2fcd58b1b90db6e4e8", "base_search_id": "5eb334e955c2dc0f28301bc2", "adaptive_thresholds_is_enabled": true, "gap_severity_value": "-1", "aggregate_thresholds_custom_alert_rules": [], "is_entity_breakdown": true, "metric_qualifier": "", "sec_grp": "default_itsi_security_group", "time_variate_thresholds_specification": {"policies": {"default_policy": {"title": "Default", "aggregate_thresholds": {"gaugeMin": 0, "baseSeverityValue": 1, "gaugeMax": 100, "thresholdLevels": [], "renderBoundaryMin": 0, "baseSeverityColorLight": "#E3F0F6", "isMaxStatic": false, "renderBoundaryMax": 19032211.314999998, "baseSeverityColor": "#AED3E5", "isMinStatic": true, "metricField": "count", "baseSeverityLabel": "info"}, "entity_thresholds": {"gaugeMin": 0, "baseSeverityValue": 1, "gaugeMax": 100, "thresholdLevels": [], "renderBoundaryMin": 0, "baseSeverityColorLight": "#E3F0F6", "isMaxStatic": false, "renderBoundaryMax": 19032211.314999998, "baseSeverityColor": "#AED3E5", "isMinStatic": true, "metricField": "count", "baseSeverityLabel": "info"}, "policy_type": "static", "time_blocks": []}}}, "unit": "", "fill_gaps": "null_value", "tz_offset": null, "alert_on": "both", "aggregate_thresholds_custom_alert_enabled": false, "search_buckets": "", "entity_id_fields": "node", "adaptive_thresholding_training_window": "-7d", "alert_lag": "30", "gap_severity_color_light": "#EEEEEE", "threshold_eval": "", "aggregate_eval": "", "alert_eval": ""}, {"title": "node: cpu request to allocatable percentage", "search_type": "shared_base", "_key": "d08226773c0d449a0f74bc33", "aggregate_thresholds": {"thresholdLevels": [], "baseSeverityLabel": "normal", "baseSeverityValue": 2, "baseSeverityColor": "#99D18B", "baseSeverityColorLight": "#DCEFD7", "metricField": "count", "renderBoundaryMin": 0, "renderBoundaryMax": 100, "isMaxStatic": false, "isMinStatic": true, "gaugeMin": 0, "gaugeMax": 100}, "entity_thresholds": {"thresholdLevels": [], "baseSeverityLabel": "normal", "baseSeverityValue": 2, "baseSeverityColor": "#99D18B", "baseSeverityColorLight": "#DCEFD7", "metricField": "count", "renderBoundaryMin": 0, "renderBoundaryMax": 100, "isMaxStatic": false, "isMinStatic": true, "gaugeMin": 0, "gaugeMax": 100}, "time_variate_thresholds_specification": {"policies": {"default_policy": {"title": "Default", "aggregate_thresholds": {"gaugeMin": 0, "baseSeverityValue": 2, "gaugeMax": 104.5, "thresholdLevels": [{"severityColor": "#FCB64E", "dynamicParam": 0, "severityValue": 4, "thresholdValue": 85, "severityColorLight": "#FEE6C1", "severityLabel": "medium"}, {"severityColor": "#F26A35", "dynamicParam": 0, "severityValue": 5, "thresholdValue": 92, "severityColorLight": "#FBCBB9", "severityLabel": "high"}, {"severityColor": "#B50101", "dynamicParam": 0, "severityValue": 6, "thresholdValue": 95, "severityColorLight": "#E5A6A6", "severityLabel": "critical"}], "renderBoundaryMin": 0, "baseSeverityColorLight": "#DCEFD7", "isMaxStatic": false, "renderBoundaryMax": 104.5, "baseSeverityColor": "#99D18B", "isMinStatic": true, "metricField": "count", "baseSeverityLabel": "normal"}, "entity_thresholds": {"gaugeMin": 0, "baseSeverityValue": 2, "gaugeMax": 100, "thresholdLevels": [], "renderBoundaryMin": 0, "baseSeverityColorLight": "#DCEFD7", "isMaxStatic": false, "renderBoundaryMax": 100, "baseSeverityColor": "#99D18B", "isMinStatic": true, "metricField": "count", "baseSeverityLabel": "normal"}, "policy_type": "static", "time_blocks": []}}}, "description": "", "entity_id_fields": "node", "entity_breakdown_id_fields": "namespace", "is_entity_breakdown": true, "is_service_entity_filter": true, "aggregate_thresholds_alert_enabled": false, "aggregate_thresholds_custom_alert_enabled": false, "aggregate_thresholds_custom_alert_rules": [], "threshold_field": "cpu_request_percentage", "gap_severity": "unknown", "gap_severity_color": "#CCCCCC", "gap_severity_color_light": "#EEEEEE", "gap_severity_value": "-1", "threshold_eval": "", "aggregate_eval": "", "fill_gaps": "null_value", "gap_custom_alert_value": 0, "metric": {"metric_name": "", "metric_index": ""}, "alert_on": "both", "alert_eval": "", "alert_period": 5, "alert_lag": "30", "aggregate_statop": "sum", "entity_statop": "latest", "base_search": "| mstats latest(_value) as value WHERE (metric_name IN (\"kube.pod.cpu.request\", \"kube.pod.memory.request\")) AND `k8s_metrics_index` span=1m BY metric_name, name, namespace, node, cluster_name\n| dedup metric_name, name, namespace, node, cluster_name _time\n| eval {metric_name} = value\n\n| stats sum(kube.pod.cpu.*) as sum_cpu_*, sum(kube.pod.memory.*) as sum_memory_* by namespace, node, cluster_name _time\n\n| append [| mstats latest(_value) as value WHERE (metric_name IN (\"kube.node.cpu.allocatable\", \"kube.node.memory.allocatable\")) AND `k8s_metrics_index` span=1m BY metric_name cluster_name node\n| eval {metric_name} = value\n| stats latest(kube.node.cpu.*) as node_cpu_*, latest(kube.node.memory.*) as node_memory_* by _time, cluster_name, node]\n| eventstats values(node_cpu_allocatable) as node_cpu_allocatable, values(node_memory_allocatable) as node_memory_allocatable by cluster_name node _time\n\n| eval cpu_request_percentage = round(sum_cpu_request / node_cpu_allocatable * 100, 2), memory_request_percentage = round(sum_memory_request / node_cpu_allocatable * 100, 2)", "urgency": "5", "search_buckets": "", "search_occurrences": 1, "search_alert_earliest": "5", "source": "", "target": "", "_owner": "nobody", "unit": "", "kpi_threshold_template_id": "5ec3479255c2dcde9243ac32", "base_search_id": "5eb4269255c2dc0f28301bf6", "base_search_metric": "4be066333769c9c35b0549fd", "tz_offset": null, "time_variate_thresholds": true, "adaptive_thresholds_is_enabled": true, "adaptive_thresholding_training_window": "-7d"}, {"title": "node: memory request to allocatable percentage", "search_type": "shared_base", "_key": "b04900dd08dec0f0d33a0f3a", "aggregate_thresholds": {"thresholdLevels": [], "baseSeverityLabel": "normal", "baseSeverityValue": 2, "baseSeverityColor": "#99D18B", "baseSeverityColorLight": "#DCEFD7", "metricField": "count", "renderBoundaryMin": 0, "renderBoundaryMax": 100, "isMaxStatic": false, "isMinStatic": true, "gaugeMin": 0, "gaugeMax": 100}, "entity_thresholds": {"thresholdLevels": [], "baseSeverityLabel": "normal", "baseSeverityValue": 2, "baseSeverityColor": "#99D18B", "baseSeverityColorLight": "#DCEFD7", "metricField": "count", "renderBoundaryMin": 0, "renderBoundaryMax": 100, "isMaxStatic": false, "isMinStatic": true, "gaugeMin": 0, "gaugeMax": 100}, "time_variate_thresholds_specification": {"policies": {"default_policy": {"title": "Default", "aggregate_thresholds": {"gaugeMin": 0, "baseSeverityValue": 2, "gaugeMax": 104.5, "thresholdLevels": [{"severityColor": "#FCB64E", "dynamicParam": 0, "severityValue": 4, "thresholdValue": 85, "severityColorLight": "#FEE6C1", "severityLabel": "medium"}, {"severityColor": "#F26A35", "dynamicParam": 0, "severityValue": 5, "thresholdValue": 92, "severityColorLight": "#FBCBB9", "severityLabel": "high"}, {"severityColor": "#B50101", "dynamicParam": 0, "severityValue": 6, "thresholdValue": 95, "severityColorLight": "#E5A6A6", "severityLabel": "critical"}], "renderBoundaryMin": 0, "baseSeverityColorLight": "#DCEFD7", "isMaxStatic": false, "renderBoundaryMax": 104.5, "baseSeverityColor": "#99D18B", "isMinStatic": true, "metricField": "count", "baseSeverityLabel": "normal"}, "entity_thresholds": {"gaugeMin": 0, "baseSeverityValue": 2, "gaugeMax": 100, "thresholdLevels": [], "renderBoundaryMin": 0, "baseSeverityColorLight": "#DCEFD7", "isMaxStatic": false, "renderBoundaryMax": 100, "baseSeverityColor": "#99D18B", "isMinStatic": true, "metricField": "count", "baseSeverityLabel": "normal"}, "policy_type": "static", "time_blocks": []}}}, "description": "", "entity_id_fields": "node", "entity_breakdown_id_fields": "namespace", "is_entity_breakdown": true, "is_service_entity_filter": true, "aggregate_thresholds_alert_enabled": false, "aggregate_thresholds_custom_alert_enabled": false, "aggregate_thresholds_custom_alert_rules": [], "threshold_field": "memory_request_percentage", "gap_severity": "unknown", "gap_severity_color": "#CCCCCC", "gap_severity_color_light": "#EEEEEE", "gap_severity_value": "-1", "threshold_eval": "", "aggregate_eval": "", "fill_gaps": "null_value", "gap_custom_alert_value": 0, "metric": {"metric_name": "", "metric_index": ""}, "alert_on": "both", "alert_eval": "", "alert_period": 5, "alert_lag": "30", "aggregate_statop": "sum", "entity_statop": "latest", "base_search": "| mstats latest(_value) as value WHERE (metric_name IN (\"kube.pod.cpu.request\", \"kube.pod.memory.request\")) AND `k8s_metrics_index` span=1m BY metric_name, name, namespace, node, cluster_name\n| dedup metric_name, name, namespace, node, cluster_name _time\n| eval {metric_name} = value\n\n| stats sum(kube.pod.cpu.*) as sum_cpu_*, sum(kube.pod.memory.*) as sum_memory_* by namespace, node, cluster_name _time\n\n| append [| mstats latest(_value) as value WHERE (metric_name IN (\"kube.node.cpu.allocatable\", \"kube.node.memory.allocatable\")) AND `k8s_metrics_index` span=1m BY metric_name cluster_name node\n| eval {metric_name} = value\n| stats latest(kube.node.cpu.*) as node_cpu_*, latest(kube.node.memory.*) as node_memory_* by _time, cluster_name, node]\n| eventstats values(node_cpu_allocatable) as node_cpu_allocatable, values(node_memory_allocatable) as node_memory_allocatable by cluster_name node _time\n\n| eval cpu_request_percentage = round(sum_cpu_request / node_cpu_allocatable * 100, 2), memory_request_percentage = round(sum_memory_request / node_cpu_allocatable * 100, 2)", "urgency": "5", "search_buckets": "", "search_occurrences": 1, "search_alert_earliest": "5", "source": "", "target": "", "_owner": "nobody", "unit": "", "kpi_threshold_template_id": "5ec3479255c2dcde9243ac32", "base_search_id": "5eb4269255c2dc0f28301bf6", "base_search_metric": "8bac92569901c6a891ee71ec", "tz_offset": null, "time_variate_thresholds": true, "adaptive_thresholds_is_enabled": true, "adaptive_thresholding_training_window": "-7d"}, {"title": "ns: cpu used percentage", "search_type": "shared_base", "_key": "622b414b80fa5481540efacd", "aggregate_thresholds": {"thresholdLevels": [], "baseSeverityLabel": "normal", "baseSeverityValue": 2, "baseSeverityColor": "#99D18B", "baseSeverityColorLight": "#DCEFD7", "metricField": "count", "renderBoundaryMin": 0, "renderBoundaryMax": 100, "isMaxStatic": false, "isMinStatic": true, "gaugeMin": 0, "gaugeMax": 100}, "entity_thresholds": {"thresholdLevels": [], "baseSeverityLabel": "normal", "baseSeverityValue": 2, "baseSeverityColor": "#99D18B", "baseSeverityColorLight": "#DCEFD7", "metricField": "count", "renderBoundaryMin": 0, "renderBoundaryMax": 100, "isMaxStatic": false, "isMinStatic": true, "gaugeMin": 0, "gaugeMax": 100}, "time_variate_thresholds_specification": {"policies": {"default_policy": {"title": "Default", "aggregate_thresholds": {"gaugeMin": 0, "baseSeverityValue": 2, "gaugeMax": 104.5, "thresholdLevels": [{"severityColor": "#FCB64E", "dynamicParam": 0, "severityValue": 4, "thresholdValue": 85, "severityColorLight": "#FEE6C1", "severityLabel": "medium"}, {"severityColor": "#F26A35", "dynamicParam": 0, "severityValue": 5, "thresholdValue": 92, "severityColorLight": "#FBCBB9", "severityLabel": "high"}, {"severityColor": "#B50101", "dynamicParam": 0, "severityValue": 6, "thresholdValue": 95, "severityColorLight": "#E5A6A6", "severityLabel": "critical"}], "renderBoundaryMin": 0, "baseSeverityColorLight": "#DCEFD7", "isMaxStatic": false, "renderBoundaryMax": 104.5, "baseSeverityColor": "#99D18B", "isMinStatic": true, "metricField": "count", "baseSeverityLabel": "normal"}, "entity_thresholds": {"gaugeMin": 0, "baseSeverityValue": 2, "gaugeMax": 100, "thresholdLevels": [], "renderBoundaryMin": 0, "baseSeverityColorLight": "#DCEFD7", "isMaxStatic": false, "renderBoundaryMax": 100, "baseSeverityColor": "#99D18B", "isMinStatic": true, "metricField": "count", "baseSeverityLabel": "normal"}, "policy_type": "static", "time_blocks": []}}}, "description": "", "entity_id_fields": "node", "entity_breakdown_id_fields": "splitby", "is_entity_breakdown": true, "is_service_entity_filter": true, "aggregate_thresholds_alert_enabled": false, "aggregate_thresholds_custom_alert_enabled": false, "aggregate_thresholds_custom_alert_rules": [], "threshold_field": "ns_cpu_usage_percentage", "gap_severity": "unknown", "gap_severity_color": "#CCCCCC", "gap_severity_color_light": "#EEEEEE", "gap_severity_value": "-1", "threshold_eval": "", "aggregate_eval": "", "fill_gaps": "null_value", "gap_custom_alert_value": 0, "metric": {"metric_index": "", "metric_name": ""}, "alert_on": "both", "alert_eval": "", "alert_period": 1, "alert_lag": "30", "aggregate_statop": "sum", "entity_statop": "latest", "base_search": "| mstats latest(_value) as value WHERE metric_name IN (\"kube.node.cpu.usage_rate\", \"kube.node.memory.usage_bytes\") AND `k8s_metrics_index` span=1m BY metric_name node, cluster_name\n| eval {metric_name}=value\n\n| append [| mstats max(_value) as value WHERE metric_name IN (\"kube.pod.cpu.usage_rate\", \"kube.pod.memory.usage_bytes\") AND `k8s_metrics_index` span=1m BY metric_name pod-name, pod-namespace, node, cluster_name\n| eval {metric_name}=value | stats sum(*) as * by metric_name pod-namespace node cluster_name _time]\n\n| append [\n  | mstats latest(_value) as value WHERE metric_name IN (\"kube.node.cpu.allocatable\", \"kube.node.memory.allocatable\") AND `k8s_metrics_index` span=1m BY metric_name cluster_name node\n  | eval {metric_name}=value]\n  \n| eventstats values(kube.pod.memory.*) as ns_memory_*, values(kube.pod.cpu.*) as ns_cpu_* by pod-namespace, node, cluster_name _time\n| eventstats values(kube.node.memory.*) as node_memory_*, values(kube.node.cpu.*) as node_cpu_* by node, cluster_name _time\n\n| eval splitby = case(searchmatch(\"metric_name=kube.node.*\"), node, 1=1, 'pod-namespace')\n\n| eval node_cpu_usage_percentage = round(node_cpu_usage_rate / node_cpu_allocatable * 100, 2), node_memory_usage_percentage = round((node_memory_usage_bytes/1024/1024) / node_memory_allocatable * 100, 2)\n| eval ns_cpu_usage_percentage = round(ns_cpu_usage_rate / node_cpu_allocatable * 100, 2), ns_memory_usage_percentage = round((ns_memory_usage_bytes/1024/1024) / node_memory_allocatable * 100, 2)\n\n| eval node_cpu_usage_percentage = if(searchmatch(\"metric_name=kube.node.*\"), node_cpu_usage_percentage, null()), node_memory_usage_percentage=if(searchmatch(\"metric_name=kube.node.*\"), node_memory_usage_percentage, null())", "urgency": "5", "search_buckets": "", "search_occurrences": 1, "search_alert_earliest": "1", "source": "", "target": "", "_owner": "nobody", "unit": "", "kpi_threshold_template_id": "5ec3479255c2dcde9243ac32", "base_search_id": "5ec68d7351641d0b8f0c1e34", "base_search_metric": "37b02315b95e45947d82334f", "tz_offset": null, "time_variate_thresholds": true, "adaptive_thresholds_is_enabled": true, "adaptive_thresholding_training_window": "-7d", "metric_qualifier": "", "sec_grp": "default_itsi_security_group"}, {"title": "ns: memory used percentage", "search_type": "shared_base", "_key": "1d373d9f4ec2ab2d88cd1bc6", "aggregate_thresholds": {"thresholdLevels": [], "baseSeverityLabel": "normal", "baseSeverityValue": 2, "baseSeverityColor": "#99D18B", "baseSeverityColorLight": "#DCEFD7", "metricField": "count", "renderBoundaryMin": 0, "renderBoundaryMax": 100, "isMaxStatic": false, "isMinStatic": true, "gaugeMin": 0, "gaugeMax": 100}, "entity_thresholds": {"thresholdLevels": [], "baseSeverityLabel": "normal", "baseSeverityValue": 2, "baseSeverityColor": "#99D18B", "baseSeverityColorLight": "#DCEFD7", "metricField": "count", "renderBoundaryMin": 0, "renderBoundaryMax": 100, "isMaxStatic": false, "isMinStatic": true, "gaugeMin": 0, "gaugeMax": 100}, "time_variate_thresholds_specification": {"policies": {"default_policy": {"title": "Default", "aggregate_thresholds": {"gaugeMin": 0, "baseSeverityValue": 2, "gaugeMax": 104.5, "thresholdLevels": [{"severityColor": "#FCB64E", "dynamicParam": 0, "severityValue": 4, "thresholdValue": 85, "severityColorLight": "#FEE6C1", "severityLabel": "medium"}, {"severityColor": "#F26A35", "dynamicParam": 0, "severityValue": 5, "thresholdValue": 92, "severityColorLight": "#FBCBB9", "severityLabel": "high"}, {"severityColor": "#B50101", "dynamicParam": 0, "severityValue": 6, "thresholdValue": 95, "severityColorLight": "#E5A6A6", "severityLabel": "critical"}], "renderBoundaryMin": 0, "baseSeverityColorLight": "#DCEFD7", "isMaxStatic": false, "renderBoundaryMax": 104.5, "baseSeverityColor": "#99D18B", "isMinStatic": true, "metricField": "count", "baseSeverityLabel": "normal"}, "entity_thresholds": {"gaugeMin": 0, "baseSeverityValue": 2, "gaugeMax": 100, "thresholdLevels": [], "renderBoundaryMin": 0, "baseSeverityColorLight": "#DCEFD7", "isMaxStatic": false, "renderBoundaryMax": 100, "baseSeverityColor": "#99D18B", "isMinStatic": true, "metricField": "count", "baseSeverityLabel": "normal"}, "policy_type": "static", "time_blocks": []}}}, "description": "", "entity_id_fields": "node", "entity_breakdown_id_fields": "splitby", "is_entity_breakdown": true, "is_service_entity_filter": true, "aggregate_thresholds_alert_enabled": false, "aggregate_thresholds_custom_alert_enabled": false, "aggregate_thresholds_custom_alert_rules": [], "threshold_field": "ns_memory_usage_percentage", "gap_severity": "unknown", "gap_severity_color": "#CCCCCC", "gap_severity_color_light": "#EEEEEE", "gap_severity_value": "-1", "threshold_eval": "", "aggregate_eval": "", "fill_gaps": "null_value", "gap_custom_alert_value": 0, "metric": {"metric_index": "", "metric_name": ""}, "alert_on": "both", "alert_eval": "", "alert_period": 1, "alert_lag": "30", "aggregate_statop": "sum", "entity_statop": "latest", "base_search": "| mstats latest(_value) as value WHERE metric_name IN (\"kube.node.cpu.usage_rate\", \"kube.node.memory.usage_bytes\") AND `k8s_metrics_index` span=1m BY metric_name node, cluster_name\n| eval {metric_name}=value\n\n| append [| mstats max(_value) as value WHERE metric_name IN (\"kube.pod.cpu.usage_rate\", \"kube.pod.memory.usage_bytes\") AND `k8s_metrics_index` span=1m BY metric_name pod-name, pod-namespace, node, cluster_name\n| eval {metric_name}=value | stats sum(*) as * by metric_name pod-namespace node cluster_name _time]\n\n| append [\n  | mstats latest(_value) as value WHERE metric_name IN (\"kube.node.cpu.allocatable\", \"kube.node.memory.allocatable\") AND `k8s_metrics_index` span=1m BY metric_name cluster_name node\n  | eval {metric_name}=value]\n  \n| eventstats values(kube.pod.memory.*) as ns_memory_*, values(kube.pod.cpu.*) as ns_cpu_* by pod-namespace, node, cluster_name _time\n| eventstats values(kube.node.memory.*) as node_memory_*, values(kube.node.cpu.*) as node_cpu_* by node, cluster_name _time\n\n| eval splitby = case(searchmatch(\"metric_name=kube.node.*\"), node, 1=1, 'pod-namespace')\n\n| eval node_cpu_usage_percentage = round(node_cpu_usage_rate / node_cpu_allocatable * 100, 2), node_memory_usage_percentage = round((node_memory_usage_bytes/1024/1024) / node_memory_allocatable * 100, 2)\n| eval ns_cpu_usage_percentage = round(ns_cpu_usage_rate / node_cpu_allocatable * 100, 2), ns_memory_usage_percentage = round((ns_memory_usage_bytes/1024/1024) / node_memory_allocatable * 100, 2)\n\n| eval node_cpu_usage_percentage = if(searchmatch(\"metric_name=kube.node.*\"), node_cpu_usage_percentage, null()), node_memory_usage_percentage=if(searchmatch(\"metric_name=kube.node.*\"), node_memory_usage_percentage, null())", "urgency": "5", "search_buckets": "", "search_occurrences": 1, "search_alert_earliest": "1", "source": "", "target": "", "_owner": "nobody", "unit": "", "kpi_threshold_template_id": "5ec3479255c2dcde9243ac32", "base_search_id": "5ec68d7351641d0b8f0c1e34", "base_search_metric": "e385035166818bc9b6b8f5c6", "tz_offset": null, "time_variate_thresholds": true, "adaptive_thresholds_is_enabled": true, "adaptive_thresholding_training_window": "-7d", "metric_qualifier": "", "sec_grp": "default_itsi_security_group"}], "title": "K8s:Node:Template", "total_linked_services": 0, "description": "", "last_sync_error": "", "sync_status": "synced", "entity_rules": [{"rule_condition": "AND", "rule_items": [{"value": "", "field_type": "info", "rule_type": "matchesblank", "field": "node"}]}, {"rule_condition": "AND", "rule_items": [{"field": "node", "field_type": "alias", "value": "", "rule_type": "matchesblank"}]}], "service_id": "4939c1a2-041b-49e6-96a5-64c526563585", "object_type": "base_service_template", "linked_services": [], "mod_source": "REST", "mod_timestamp": "2020-06-10T15:37:28.649666+00:00", "_version": "4.4.3", "cloneChangedSinceLastSave": true, "permissions": {"user": "nobody", "group": {"read": true, "write": true, "delete": true}, "read": true, "write": true, "delete": true}, "_user": "nobody", "_key": "398c066f-d355-40fd-855f-c9c70c0f0a75"}]